condition,param,attack_id,eer_pct
clean,—,A07,8.464566929133854
clean,—,A08,3.1609195402298855
clean,—,A09,0.5865102639296188
clean,—,A10,29.597701149425287
clean,—,A11,12.007874015748033
clean,—,A12,15.072463768115943
clean,—,A13,0.5747126436781609
clean,—,A14,2.952755905511806
clean,—,A15,14.202898550724639
clean,—,A16,5.142857142857142
clean,—,A17,1.1811023622047223
clean,—,A18,2.952755905511806
clean,—,A19,1.4534883720930232
mp3,bitrate_kbps=128,A07,7.536231884057972
mp3,bitrate_kbps=128,A08,2.586206896551724
mp3,bitrate_kbps=128,A09,0.3937007874015741
mp3,bitrate_kbps=128,A10,28.543307086614178
mp3,bitrate_kbps=128,A11,10.69364161849711
mp3,bitrate_kbps=128,A12,14.370078740157478
mp3,bitrate_kbps=128,A13,0.3937007874015741
mp3,bitrate_kbps=128,A14,2.3622047244094446
mp3,bitrate_kbps=128,A15,12.753623188405797
mp3,bitrate_kbps=128,A16,4.7244094488189
mp3,bitrate_kbps=128,A17,0.8695652173913043
mp3,bitrate_kbps=128,A18,2.3622047244094446
mp3,bitrate_kbps=128,A19,1.4534883720930232
mp3,bitrate_kbps=64,A07,7.480314960629919
mp3,bitrate_kbps=64,A08,2.7559055118110187
mp3,bitrate_kbps=64,A09,0.3937007874015741
mp3,bitrate_kbps=64,A10,28.448275862068968
mp3,bitrate_kbps=64,A11,10.826771653543311
mp3,bitrate_kbps=64,A12,14.492753623188406
mp3,bitrate_kbps=64,A13,0.3937007874015741
mp3,bitrate_kbps=64,A14,2.318840579710145
mp3,bitrate_kbps=64,A15,12.598425196850393
mp3,bitrate_kbps=64,A16,4.571428571428571
mp3,bitrate_kbps=64,A17,0.8695652173913043
mp3,bitrate_kbps=64,A18,2.1653543307086576
mp3,bitrate_kbps=64,A19,1.3779527559055094
mp3,bitrate_kbps=32,A07,6.666666666666667
mp3,bitrate_kbps=32,A08,1.7716535433070835
mp3,bitrate_kbps=32,A09,0.5905511811023612
mp3,bitrate_kbps=32,A10,27.873563218390807
mp3,bitrate_kbps=32,A11,9.842519685039374
mp3,bitrate_kbps=32,A12,13.333333333333334
mp3,bitrate_kbps=32,A13,0.3937007874015741
mp3,bitrate_kbps=32,A14,1.9685039370078705
mp3,bitrate_kbps=32,A15,10.434782608695652
mp3,bitrate_kbps=32,A16,4.133858267716539
mp3,bitrate_kbps=32,A17,1.1594202898550725
mp3,bitrate_kbps=32,A18,1.7716535433070835
mp3,bitrate_kbps=32,A19,1.1627906976744187
mp3,bitrate_kbps=16,A07,8.464566929133854
mp3,bitrate_kbps=16,A08,1.5748031496062964
mp3,bitrate_kbps=16,A09,0.9842519685039353
mp3,bitrate_kbps=16,A10,29.330708661417326
mp3,bitrate_kbps=16,A11,15.748031496062998
mp3,bitrate_kbps=16,A12,14.370078740157478
mp3,bitrate_kbps=16,A13,0.9842519685039353
mp3,bitrate_kbps=16,A14,2.1653543307086576
mp3,bitrate_kbps=16,A15,11.811023622047244
mp3,bitrate_kbps=16,A16,5.142857142857142
mp3,bitrate_kbps=16,A17,2.5590551181102317
mp3,bitrate_kbps=16,A18,4.678362573099415
mp3,bitrate_kbps=16,A19,2.952755905511806
mp3,bitrate_kbps=8,A07,8.07086614173228
mp3,bitrate_kbps=8,A08,5.905511811023622
mp3,bitrate_kbps=8,A09,5.118110236220474
mp3,bitrate_kbps=8,A10,29.022988505747126
mp3,bitrate_kbps=8,A11,12.007874015748033
mp3,bitrate_kbps=8,A12,12.173913043478262
mp3,bitrate_kbps=8,A13,3.543307086614178
mp3,bitrate_kbps=8,A14,6.102362204724409
mp3,bitrate_kbps=8,A15,8.115942028985506
mp3,bitrate_kbps=8,A16,6.8897637795275575
mp3,bitrate_kbps=8,A17,8.985507246376812
mp3,bitrate_kbps=8,A18,9.649122807017543
mp3,bitrate_kbps=8,A19,9.011627906976743
noise,snr_db=30,A07,11.014492753623188
noise,snr_db=30,A08,3.740157480314965
noise,snr_db=30,A09,0.8797653958944283
noise,snr_db=30,A10,27.873563218390807
noise,snr_db=30,A11,16.535433070866144
noise,snr_db=30,A12,16.52173913043478
noise,snr_db=30,A13,0.5747126436781609
noise,snr_db=30,A14,4.3478260869565215
noise,snr_db=30,A15,13.043478260869565
noise,snr_db=30,A16,4.330708661417326
noise,snr_db=30,A17,1.4492753623188406
noise,snr_db=30,A18,4.093567251461988
noise,snr_db=30,A19,1.744186046511628
noise,snr_db=20,A07,13.623188405797102
noise,snr_db=20,A08,5.708661417322835
noise,snr_db=20,A09,1.9685039370078705
noise,snr_db=20,A10,29.88505747126437
noise,snr_db=20,A11,20.669291338582674
noise,snr_db=20,A12,20.28985507246377
noise,snr_db=20,A13,0.5905511811023612
noise,snr_db=20,A14,7.677165354330706
noise,snr_db=20,A15,16.52173913043478
noise,snr_db=20,A16,5.428571428571429
noise,snr_db=20,A17,2.1653543307086576
noise,snr_db=20,A18,6.299212598425196
noise,snr_db=20,A19,2.0348837209302326
noise,snr_db=10,A07,20.869565217391305
noise,snr_db=10,A08,12.401574803149607
noise,snr_db=10,A09,6.451612903225806
noise,snr_db=10,A10,39.94252873563218
noise,snr_db=10,A11,30.511811023622048
noise,snr_db=10,A12,25.217391304347824
noise,snr_db=10,A13,2.0114942528735633
noise,snr_db=10,A14,15.072463768115943
noise,snr_db=10,A15,23.47826086956522
noise,snr_db=10,A16,10.0
noise,snr_db=10,A17,5.797101449275362
noise,snr_db=10,A18,9.649122807017543
noise,snr_db=10,A19,3.1976744186046515
noise,snr_db=5,A07,22.83464566929134
noise,snr_db=5,A08,16.92913385826772
noise,snr_db=5,A09,11.143695014662756
noise,snr_db=5,A10,39.76377952755905
noise,snr_db=5,A11,33.46456692913385
noise,snr_db=5,A12,27.952755905511808
noise,snr_db=5,A13,5.459770114942529
noise,snr_db=5,A14,17.51968503937008
noise,snr_db=5,A15,25.79710144927536
noise,snr_db=5,A16,13.142857142857142
noise,snr_db=5,A17,11.594202898550725
noise,snr_db=5,A18,17.251461988304094
noise,snr_db=5,A19,7.848837209302325
noise,snr_db=0,A07,29.169728141072742
noise,snr_db=0,A08,21.26436781609195
noise,snr_db=0,A09,15.249266862170089
noise,snr_db=0,A10,40.51724137931034
noise,snr_db=0,A11,36.99421965317919
noise,snr_db=0,A12,30.511811023622048
noise,snr_db=0,A13,12.598425196850393
noise,snr_db=0,A14,24.92753623188406
noise,snr_db=0,A15,28.115942028985508
noise,snr_db=0,A16,19.93006993006993
noise,snr_db=0,A17,23.818897637795278
noise,snr_db=0,A18,30.116959064327485
noise,snr_db=0,A19,21.22093023255814
streaming,chunk_ms=None,A07,8.464566929133854
streaming,chunk_ms=None,A08,3.1609195402298855
streaming,chunk_ms=None,A09,0.5865102639296188
streaming,chunk_ms=None,A10,29.597701149425287
streaming,chunk_ms=None,A11,12.007874015748033
streaming,chunk_ms=None,A12,15.072463768115943
streaming,chunk_ms=None,A13,0.5747126436781609
streaming,chunk_ms=None,A14,2.952755905511806
streaming,chunk_ms=None,A15,14.202898550724639
streaming,chunk_ms=None,A16,5.142857142857142
streaming,chunk_ms=None,A17,1.1811023622047223
streaming,chunk_ms=None,A18,2.952755905511806
streaming,chunk_ms=None,A19,1.4534883720930232
streaming,"chunk_ms=4000,overlap_ms=0",A07,8.661417322834641
streaming,"chunk_ms=4000,overlap_ms=0",A08,3.1609195402298855
streaming,"chunk_ms=4000,overlap_ms=0",A09,0.5865102639296188
streaming,"chunk_ms=4000,overlap_ms=0",A10,29.597701149425287
streaming,"chunk_ms=4000,overlap_ms=0",A11,12.204724409448819
streaming,"chunk_ms=4000,overlap_ms=0",A12,15.072463768115943
streaming,"chunk_ms=4000,overlap_ms=0",A13,0.5747126436781609
streaming,"chunk_ms=4000,overlap_ms=0",A14,3.149606299212604
streaming,"chunk_ms=4000,overlap_ms=0",A15,14.370078740157478
streaming,"chunk_ms=4000,overlap_ms=0",A16,5.142857142857142
streaming,"chunk_ms=4000,overlap_ms=0",A17,1.1811023622047223
streaming,"chunk_ms=4000,overlap_ms=0",A18,2.923976608187134
streaming,"chunk_ms=4000,overlap_ms=0",A19,1.4534883720930232
streaming,"chunk_ms=2000,overlap_ms=0",A07,12.598425196850393
streaming,"chunk_ms=2000,overlap_ms=0",A08,3.346456692913391
streaming,"chunk_ms=2000,overlap_ms=0",A09,0.5865102639296188
streaming,"chunk_ms=2000,overlap_ms=0",A10,39.94252873563218
streaming,"chunk_ms=2000,overlap_ms=0",A11,16.732283464566933
streaming,"chunk_ms=2000,overlap_ms=0",A12,20.579710144927535
streaming,"chunk_ms=2000,overlap_ms=0",A13,0.5747126436781609
streaming,"chunk_ms=2000,overlap_ms=0",A14,3.346456692913391
streaming,"chunk_ms=2000,overlap_ms=0",A15,19.130434782608695
streaming,"chunk_ms=2000,overlap_ms=0",A16,6.857142857142858
streaming,"chunk_ms=2000,overlap_ms=0",A17,4.527559055118113
streaming,"chunk_ms=2000,overlap_ms=0",A18,4.7244094488189
streaming,"chunk_ms=2000,overlap_ms=0",A19,4.330708661417326
streaming,"chunk_ms=2000,overlap_ms=200",A07,12.401574803149607
streaming,"chunk_ms=2000,overlap_ms=200",A08,3.346456692913391
streaming,"chunk_ms=2000,overlap_ms=200",A09,0.5865102639296188
streaming,"chunk_ms=2000,overlap_ms=200",A10,39.6551724137931
streaming,"chunk_ms=2000,overlap_ms=200",A11,16.732283464566933
streaming,"chunk_ms=2000,overlap_ms=200",A12,20.869565217391305
streaming,"chunk_ms=2000,overlap_ms=200",A13,0.5747126436781609
streaming,"chunk_ms=2000,overlap_ms=200",A14,3.346456692913391
streaming,"chunk_ms=2000,overlap_ms=200",A15,18.700787401574804
streaming,"chunk_ms=2000,overlap_ms=200",A16,6.857142857142858
streaming,"chunk_ms=2000,overlap_ms=200",A17,4.527559055118113
streaming,"chunk_ms=2000,overlap_ms=200",A18,4.527559055118113
streaming,"chunk_ms=2000,overlap_ms=200",A19,4.330708661417326
streaming,"chunk_ms=500,overlap_ms=0",A07,13.623188405797102
streaming,"chunk_ms=500,overlap_ms=0",A08,2.586206896551724
streaming,"chunk_ms=500,overlap_ms=0",A09,0.5905511811023612
streaming,"chunk_ms=500,overlap_ms=0",A10,33.90804597701149
streaming,"chunk_ms=500,overlap_ms=0",A11,9.842519685039374
streaming,"chunk_ms=500,overlap_ms=0",A12,21.850393700787397
streaming,"chunk_ms=500,overlap_ms=0",A13,0.3937007874015741
streaming,"chunk_ms=500,overlap_ms=0",A14,4.133858267716539
streaming,"chunk_ms=500,overlap_ms=0",A15,19.488188976377952
streaming,"chunk_ms=500,overlap_ms=0",A16,8.571428571428571
streaming,"chunk_ms=500,overlap_ms=0",A17,3.543307086614178
streaming,"chunk_ms=500,overlap_ms=0",A18,5.263157894736842
streaming,"chunk_ms=500,overlap_ms=0",A19,3.488372093023256
